filename,action_type,timestamp,fps,width,height
cross_left_20260307_194229_108590.mp4,cross_left,2026-03-07T19:42:30.665608,30.0,1920,1080
cross_left_20260307_194232_691718.mp4,cross_left,2026-03-07T19:42:34.214079,30.0,1920,1080
cross_left_20260307_194236_225609.mp4,cross_left,2026-03-07T19:42:37.781282,30.0,1920,1080
cross_left_20260307_194239_794274.mp4,cross_left,2026-03-07T19:42:41.317084,30.0,1920,1080
cross_left_20260307_194243_345183.mp4,cross_left,2026-03-07T19:42:44.868876,30.0,1920,1080
cross_left_20260307_194246_882903.mp4,cross_left,2026-03-07T19:42:48.403010,30.0,1920,1080
cross_left_20260307_194250_419925.mp4,cross_left,2026-03-07T19:42:51.939935,30.0,1920,1080
cross_left_20260307_194254_001369.mp4,cross_left,2026-03-07T19:42:55.545899,30.0,1920,1080
cross_left_20260307_194257_569419.mp4,cross_left,2026-03-07T19:42:59.075458,30.0,1920,1080
cross_left_20260307_194301_106257.mp4,cross_left,2026-03-07T19:43:02.629686,30.0,1920,1080
cross_left_20260307_194304_659351.mp4,cross_left,2026-03-07T19:43:06.164296,30.0,1920,1080
cross_left_20260307_194308_193313.mp4,cross_left,2026-03-07T19:43:09.707377,30.0,1920,1080
cross_left_20260307_194311_730274.mp4,cross_left,2026-03-07T19:43:13.252376,30.0,1920,1080
cross_left_20260307_194315_282235.mp4,cross_left,2026-03-07T19:43:16.821184,30.0,1920,1080
cross_left_20260307_194318_850616.mp4,cross_left,2026-03-07T19:43:20.371094,30.0,1920,1080
cross_left_20260307_194322_385263.mp4,cross_left,2026-03-07T19:43:23.908416,30.0,1920,1080
cross_left_20260307_194325_968217.mp4,cross_left,2026-03-07T19:43:27.475083,30.0,1920,1080
cross_left_20260307_194329_505712.mp4,cross_left,2026-03-07T19:43:31.019405,30.0,1920,1080
cross_left_20260307_194333_039949.mp4,cross_left,2026-03-07T19:43:34.563977,30.0,1920,1080
cross_left_20260307_194336_576751.mp4,cross_left,2026-03-07T19:43:38.098741,30.0,1920,1080
cross_left_20260307_194340_129316.mp4,cross_left,2026-03-07T19:43:41.668032,30.0,1920,1080
cross_left_20260307_194343_696629.mp4,cross_left,2026-03-07T19:43:45.221123,30.0,1920,1080
cross_left_20260307_194347_233015.mp4,cross_left,2026-03-07T19:43:48.739955,30.0,1920,1080
cross_left_20260307_194350_787086.mp4,cross_left,2026-03-07T19:43:52.326471,30.0,1920,1080
cross_left_20260307_194354_354327.mp4,cross_left,2026-03-07T19:43:55.876939,30.0,1920,1080
cross_left_20260307_194357_888136.mp4,cross_left,2026-03-07T19:43:59.416453,30.0,1920,1080
cross_left_20260307_194401_440081.mp4,cross_left,2026-03-07T19:44:02.964605,30.0,1920,1080
cross_left_20260307_194404_975855.mp4,cross_left,2026-03-07T19:44:06.499733,30.0,1920,1080
cross_left_20260307_194408_545838.mp4,cross_left,2026-03-07T19:44:10.072573,30.0,1920,1080
cross_left_20260307_194412_098686.mp4,cross_left,2026-03-07T19:44:13.603421,30.0,1920,1080
cross_left_20260307_194415_632108.mp4,cross_left,2026-03-07T19:44:17.156016,30.0,1920,1080
cross_left_20260307_194419_169775.mp4,cross_left,2026-03-07T19:44:20.756317,30.0,1920,1080
cross_left_20260307_194422_763758.mp4,cross_left,2026-03-07T19:44:24.307021,30.0,1920,1080
cross_left_20260307_194426_321014.mp4,cross_left,2026-03-07T19:44:27.843050,30.0,1920,1080
cross_left_20260307_194429_855338.mp4,cross_left,2026-03-07T19:44:31.380202,30.0,1920,1080
cross_left_20260307_194433_408065.mp4,cross_left,2026-03-07T19:44:34.915971,30.0,1920,1080
cross_left_20260307_194436_944068.mp4,cross_left,2026-03-07T19:44:38.486513,30.0,1920,1080
cross_left_20260307_194440_512966.mp4,cross_left,2026-03-07T19:44:42.024528,30.0,1920,1080
cross_left_20260307_194444_065694.mp4,cross_left,2026-03-07T19:44:45.615402,30.0,1920,1080
cross_left_20260307_194447_632808.mp4,cross_left,2026-03-07T19:44:49.154412,30.0,1920,1080
cross_left_20260307_194451_168456.mp4,cross_left,2026-03-07T19:44:52.704465,30.0,1920,1080
cross_left_20260307_194454_751512.mp4,cross_left,2026-03-07T19:44:56.259598,30.0,1920,1080
cross_left_20260307_194458_287261.mp4,cross_left,2026-03-07T19:44:59.798618,30.0,1920,1080
cross_left_20260307_194501_825329.mp4,cross_left,2026-03-07T19:45:03.345622,30.0,1920,1080
cross_left_20260307_194505_360700.mp4,cross_left,2026-03-07T19:45:06.895391,30.0,1920,1080
cross_left_20260307_194508_911914.mp4,cross_left,2026-03-07T19:45:10.433926,30.0,1920,1080
cross_left_20260307_194512_450863.mp4,cross_left,2026-03-07T19:45:13.971945,30.0,1920,1080
cross_left_20260307_194515_983953.mp4,cross_left,2026-03-07T19:45:17.508031,30.0,1920,1080
cross_left_20260307_194519_535799.mp4,cross_left,2026-03-07T19:45:21.046754,30.0,1920,1080
cross_left_20260307_194523_073357.mp4,cross_left,2026-03-07T19:45:24.590615,30.0,1920,1080
cross_right_20260307_194529_614760.mp4,cross_right,2026-03-07T19:45:31.180489,30.0,1920,1080
cross_right_20260307_194533_215228.mp4,cross_right,2026-03-07T19:45:34.738286,30.0,1920,1080
cross_right_20260307_194536_767637.mp4,cross_right,2026-03-07T19:45:38.273948,30.0,1920,1080
cross_right_20260307_194540_303877.mp4,cross_right,2026-03-07T19:45:41.827006,30.0,1920,1080
cross_right_20260307_194543_839421.mp4,cross_right,2026-03-07T19:45:45.361269,30.0,1920,1080
cross_right_20260307_194547_375387.mp4,cross_right,2026-03-07T19:45:48.898718,30.0,1920,1080
cross_right_20260307_194550_927222.mp4,cross_right,2026-03-07T19:45:52.449142,30.0,1920,1080
cross_right_20260307_194554_463823.mp4,cross_right,2026-03-07T19:45:55.973579,30.0,1920,1080
cross_right_20260307_194558_000315.mp4,cross_right,2026-03-07T19:45:59.522218,30.0,1920,1080
cross_right_20260307_194601_552041.mp4,cross_right,2026-03-07T19:46:03.069463,30.0,1920,1080
cross_right_20260307_194605_086619.mp4,cross_right,2026-03-07T19:46:06.611970,30.0,1920,1080
cross_right_20260307_194608_622847.mp4,cross_right,2026-03-07T19:46:10.182578,30.0,1920,1080
cross_right_20260307_194612_238584.mp4,cross_right,2026-03-07T19:46:13.764195,30.0,1920,1080
cross_right_20260307_194615_775781.mp4,cross_right,2026-03-07T19:46:17.298411,30.0,1920,1080
cross_right_20260307_194619_311192.mp4,cross_right,2026-03-07T19:46:20.834783,30.0,1920,1080
cross_right_20260307_194622_895749.mp4,cross_right,2026-03-07T19:46:24.408057,30.0,1920,1080
cross_right_20260307_194626_431612.mp4,cross_right,2026-03-07T19:46:27.953733,30.0,1920,1080
cross_right_20260307_194629_968450.mp4,cross_right,2026-03-07T19:46:31.492496,30.0,1920,1080
cross_right_20260307_194633_518526.mp4,cross_right,2026-03-07T19:46:35.035336,30.0,1920,1080
cross_right_20260307_194637_057353.mp4,cross_right,2026-03-07T19:46:38.604915,30.0,1920,1080
cross_right_20260307_194640_622471.mp4,cross_right,2026-03-07T19:46:42.147080,30.0,1920,1080
cross_right_20260307_194644_158690.mp4,cross_right,2026-03-07T19:46:45.681071,30.0,1920,1080
cross_right_20260307_194647_712287.mp4,cross_right,2026-03-07T19:46:49.234105,30.0,1920,1080
cross_right_20260307_194651_278899.mp4,cross_right,2026-03-07T19:46:52.801047,30.0,1920,1080
cross_right_20260307_194654_813742.mp4,cross_right,2026-03-07T19:46:56.336646,30.0,1920,1080
cross_right_20260307_194658_366522.mp4,cross_right,2026-03-07T19:46:59.931908,30.0,1920,1080
cross_right_20260307_194701_966831.mp4,cross_right,2026-03-07T19:47:03.500809,30.0,1920,1080
cross_right_20260307_194705_550726.mp4,cross_right,2026-03-07T19:47:07.072130,30.0,1920,1080
cross_right_20260307_194709_087632.mp4,cross_right,2026-03-07T19:47:10.624919,30.0,1920,1080
cross_right_20260307_194712_686889.mp4,cross_right,2026-03-07T19:47:14.207326,30.0,1920,1080
cross_right_20260307_194716_269645.mp4,cross_right,2026-03-07T19:47:17.791586,30.0,1920,1080
cross_right_20260307_194719_806383.mp4,cross_right,2026-03-07T19:47:21.331554,30.0,1920,1080
cross_right_20260307_194723_341442.mp4,cross_right,2026-03-07T19:47:24.862979,30.0,1920,1080
cross_right_20260307_194726_894421.mp4,cross_right,2026-03-07T19:47:28.423730,30.0,1920,1080
cross_right_20260307_194730_462348.mp4,cross_right,2026-03-07T19:47:31.970954,30.0,1920,1080
cross_right_20260307_194733_998363.mp4,cross_right,2026-03-07T19:47:35.563279,30.0,1920,1080
cross_right_20260307_194737_581049.mp4,cross_right,2026-03-07T19:47:39.105845,30.0,1920,1080
cross_right_20260307_194741_117445.mp4,cross_right,2026-03-07T19:47:42.641404,30.0,1920,1080
cross_right_20260307_194744_653295.mp4,cross_right,2026-03-07T19:47:46.177679,30.0,1920,1080
cross_right_20260307_194748_206664.mp4,cross_right,2026-03-07T19:47:49.714296,30.0,1920,1080
cross_right_20260307_194751_740859.mp4,cross_right,2026-03-07T19:47:53.264010,30.0,1920,1080
cross_right_20260307_194755_277309.mp4,cross_right,2026-03-07T19:47:56.798061,30.0,1920,1080
cross_right_20260307_194758_861108.mp4,cross_right,2026-03-07T19:48:00.367191,30.0,1920,1080
cross_right_20260307_194802_396035.mp4,cross_right,2026-03-07T19:48:03.917563,30.0,1920,1080
cross_right_20260307_194805_996763.mp4,cross_right,2026-03-07T19:48:07.519658,30.0,1920,1080
cross_right_20260307_194809_566233.mp4,cross_right,2026-03-07T19:48:11.103508,30.0,1920,1080
cross_right_20260307_194813_149456.mp4,cross_right,2026-03-07T19:48:14.674894,30.0,1920,1080
cross_right_20260307_194816_686517.mp4,cross_right,2026-03-07T19:48:18.239415,30.0,1920,1080
cross_right_20260307_194820_270020.mp4,cross_right,2026-03-07T19:48:21.791488,30.0,1920,1080
cross_right_20260307_194823_806389.mp4,cross_right,2026-03-07T19:48:25.325406,30.0,1920,1080
hook_left_20260307_194830_412873.mp4,hook_left,2026-03-07T19:48:31.935248,30.0,1920,1080
hook_left_20260307_194833_948245.mp4,hook_left,2026-03-07T19:48:35.470797,30.0,1920,1080
hook_left_20260307_194837_501477.mp4,hook_left,2026-03-07T19:48:39.022343,30.0,1920,1080
hook_left_20260307_194841_036329.mp4,hook_left,2026-03-07T19:48:42.545690,30.0,1920,1080
hook_left_20260307_194844_570507.mp4,hook_left,2026-03-07T19:48:46.093374,30.0,1920,1080
hook_left_20260307_194848_123842.mp4,hook_left,2026-03-07T19:48:49.631287,30.0,1920,1080
hook_left_20260307_194851_659775.mp4,hook_left,2026-03-07T19:48:53.173766,30.0,1920,1080
hook_left_20260307_194855_210178.mp4,hook_left,2026-03-07T19:48:56.726657,30.0,1920,1080
hook_left_20260307_194858_780290.mp4,hook_left,2026-03-07T19:49:00.286539,30.0,1920,1080
hook_left_20260307_194902_315462.mp4,hook_left,2026-03-07T19:49:03.839901,30.0,1920,1080
hook_left_20260307_194905_852442.mp4,hook_left,2026-03-07T19:49:07.373915,30.0,1920,1080
hook_left_20260307_194909_436439.mp4,hook_left,2026-03-07T19:49:10.950094,30.0,1920,1080
hook_left_20260307_194912_971454.mp4,hook_left,2026-03-07T19:49:14.497103,30.0,1920,1080
hook_left_20260307_194916_507552.mp4,hook_left,2026-03-07T19:49:18.036313,30.0,1920,1080
hook_left_20260307_194920_104195.mp4,hook_left,2026-03-07T19:49:21.676087,30.0,1920,1080
hook_left_20260307_194923_692100.mp4,hook_left,2026-03-07T19:49:25.218846,30.0,1920,1080
hook_left_20260307_194927_231168.mp4,hook_left,2026-03-07T19:49:28.853860,30.0,1920,1080
hook_left_20260307_194930_876815.mp4,hook_left,2026-03-07T19:49:32.399209,30.0,1920,1080
hook_left_20260307_194934_411430.mp4,hook_left,2026-03-07T19:49:35.936297,30.0,1920,1080
hook_left_20260307_194937_998151.mp4,hook_left,2026-03-07T19:49:39.502269,30.0,1920,1080
hook_left_20260307_194941_531145.mp4,hook_left,2026-03-07T19:49:43.049322,30.0,1920,1080
hook_left_20260307_194945_068584.mp4,hook_left,2026-03-07T19:49:46.588121,30.0,1920,1080
hook_left_20260307_194948_603433.mp4,hook_left,2026-03-07T19:49:50.124261,30.0,1920,1080
hook_left_20260307_194952_155283.mp4,hook_left,2026-03-07T19:49:53.677166,30.0,1920,1080
hook_left_20260307_194955_691354.mp4,hook_left,2026-03-07T19:49:57.215195,30.0,1920,1080
hook_left_20260307_194959_227248.mp4,hook_left,2026-03-07T19:50:00.781856,30.0,1920,1080
hook_left_20260307_195002_811303.mp4,hook_left,2026-03-07T19:50:04.334093,30.0,1920,1080
hook_left_20260307_195006_380665.mp4,hook_left,2026-03-07T19:50:07.901419,30.0,1920,1080
hook_left_20260307_195009_915153.mp4,hook_left,2026-03-07T19:50:11.438532,30.0,1920,1080
hook_left_20260307_195013_466829.mp4,hook_left,2026-03-07T19:50:14.994454,30.0,1920,1080
hook_left_20260307_195017_002383.mp4,hook_left,2026-03-07T19:50:18.511897,30.0,1920,1080
hook_left_20260307_195020_538615.mp4,hook_left,2026-03-07T19:50:22.062455,30.0,1920,1080
hook_left_20260307_195024_090988.mp4,hook_left,2026-03-07T19:50:25.599725,30.0,1920,1080
hook_left_20260307_195027_625955.mp4,hook_left,2026-03-07T19:50:29.145123,30.0,1920,1080
hook_left_20260307_195031_164011.mp4,hook_left,2026-03-07T19:50:32.695131,30.0,1920,1080
hook_left_20260307_195034_745710.mp4,hook_left,2026-03-07T19:50:36.252821,30.0,1920,1080
hook_left_20260307_195038_282247.mp4,hook_left,2026-03-07T19:50:39.839869,30.0,1920,1080
hook_left_20260307_195041_850136.mp4,hook_left,2026-03-07T19:50:43.374917,30.0,1920,1080
hook_left_20260307_195045_402471.mp4,hook_left,2026-03-07T19:50:46.927853,30.0,1920,1080
hook_left_20260307_195048_937967.mp4,hook_left,2026-03-07T19:50:50.460500,30.0,1920,1080
hook_left_20260307_195052_477007.mp4,hook_left,2026-03-07T19:50:54.039403,30.0,1920,1080
hook_left_20260307_195056_093577.mp4,hook_left,2026-03-07T19:50:57.645596,30.0,1920,1080
hook_left_20260307_195059_659513.mp4,hook_left,2026-03-07T19:51:01.184555,30.0,1920,1080
hook_left_20260307_195103_193782.mp4,hook_left,2026-03-07T19:51:04.718092,30.0,1920,1080
hook_left_20260307_195106_744547.mp4,hook_left,2026-03-07T19:51:08.299598,30.0,1920,1080
hook_left_20260307_195110_321153.mp4,hook_left,2026-03-07T19:51:11.838298,30.0,1920,1080
hook_left_20260307_195113_849237.mp4,hook_left,2026-03-07T19:51:15.373891,30.0,1920,1080
hook_left_20260307_195117_400759.mp4,hook_left,2026-03-07T19:51:18.926155,30.0,1920,1080
hook_left_20260307_195120_939726.mp4,hook_left,2026-03-07T19:51:22.464168,30.0,1920,1080
hook_left_20260307_195124_473826.mp4,hook_left,2026-03-07T19:51:26.006662,30.0,1920,1080
hook_right_20260307_195131_048662.mp4,hook_right,2026-03-07T19:51:32.570778,30.0,1920,1080
hook_right_20260307_195134_585814.mp4,hook_right,2026-03-07T19:51:36.096139,30.0,1920,1080
hook_right_20260307_195138_137024.mp4,hook_right,2026-03-07T19:51:39.644266,30.0,1920,1080
hook_right_20260307_195141_672981.mp4,hook_right,2026-03-07T19:51:43.231477,30.0,1920,1080
hook_right_20260307_195145_241130.mp4,hook_right,2026-03-07T19:51:46.771315,30.0,1920,1080
hook_right_20260307_195148_825224.mp4,hook_right,2026-03-07T19:51:50.368706,30.0,1920,1080
hook_right_20260307_195152_393296.mp4,hook_right,2026-03-07T19:51:53.933243,30.0,1920,1080
hook_right_20260307_195155_977283.mp4,hook_right,2026-03-07T19:51:57.564372,30.0,1920,1080
hook_right_20260307_195159_577385.mp4,hook_right,2026-03-07T19:52:01.143265,30.0,1920,1080
hook_right_20260307_195203_192614.mp4,hook_right,2026-03-07T19:52:04.708212,30.0,1920,1080
hook_right_20260307_195206_729335.mp4,hook_right,2026-03-07T19:52:08.254221,30.0,1920,1080
hook_right_20260307_195210_265930.mp4,hook_right,2026-03-07T19:52:11.843431,30.0,1920,1080
hook_right_20260307_195213_880788.mp4,hook_right,2026-03-07T19:52:15.390600,30.0,1920,1080
hook_right_20260307_195217_416404.mp4,hook_right,2026-03-07T19:52:18.938264,30.0,1920,1080
hook_right_20260307_195220_953769.mp4,hook_right,2026-03-07T19:52:22.476448,30.0,1920,1080
hook_right_20260307_195224_535730.mp4,hook_right,2026-03-07T19:52:26.044050,30.0,1920,1080
hook_right_20260307_195228_073748.mp4,hook_right,2026-03-07T19:52:29.595628,30.0,1920,1080
hook_right_20260307_195231_609305.mp4,hook_right,2026-03-07T19:52:33.130338,30.0,1920,1080
hook_right_20260307_195235_143200.mp4,hook_right,2026-03-07T19:52:36.666748,30.0,1920,1080
hook_right_20260307_195238_695596.mp4,hook_right,2026-03-07T19:52:40.218224,30.0,1920,1080
hook_right_20260307_195242_234122.mp4,hook_right,2026-03-07T19:52:43.798476,30.0,1920,1080
hook_right_20260307_195245_848928.mp4,hook_right,2026-03-07T19:52:47.355445,30.0,1920,1080
hook_right_20260307_195249_385387.mp4,hook_right,2026-03-07T19:52:50.932031,30.0,1920,1080
hook_right_20260307_195252_952278.mp4,hook_right,2026-03-07T19:52:54.516429,30.0,1920,1080
hook_right_20260307_195256_569670.mp4,hook_right,2026-03-07T19:52:58.078290,30.0,1920,1080
hook_right_20260307_195300_104062.mp4,hook_right,2026-03-07T19:53:01.638242,30.0,1920,1080
hook_right_20260307_195303_672301.mp4,hook_right,2026-03-07T19:53:05.194576,30.0,1920,1080
hook_right_20260307_195307_225069.mp4,hook_right,2026-03-07T19:53:08.745776,30.0,1920,1080
hook_right_20260307_195310_759986.mp4,hook_right,2026-03-07T19:53:12.282402,30.0,1920,1080
hook_right_20260307_195314_299631.mp4,hook_right,2026-03-07T19:53:15.829904,30.0,1920,1080
hook_right_20260307_195317_879715.mp4,hook_right,2026-03-07T19:53:19.386840,30.0,1920,1080
hook_right_20260307_195321_416608.mp4,hook_right,2026-03-07T19:53:22.940806,30.0,1920,1080
hook_right_20260307_195324_952443.mp4,hook_right,2026-03-07T19:53:26.475665,30.0,1920,1080
hook_right_20260307_195328_536127.mp4,hook_right,2026-03-07T19:53:30.043912,30.0,1920,1080
hook_right_20260307_195332_071076.mp4,hook_right,2026-03-07T19:53:33.593271,30.0,1920,1080
hook_right_20260307_195335_609981.mp4,hook_right,2026-03-07T19:53:37.157260,30.0,1920,1080
hook_right_20260307_195339_191800.mp4,hook_right,2026-03-07T19:53:40.699157,30.0,1920,1080
hook_right_20260307_195342_729892.mp4,hook_right,2026-03-07T19:53:44.251758,30.0,1920,1080
hook_right_20260307_195346_265217.mp4,hook_right,2026-03-07T19:53:47.790047,30.0,1920,1080
hook_right_20260307_195349_801689.mp4,hook_right,2026-03-07T19:53:51.332121,30.0,1920,1080
hook_right_20260307_195353_350907.mp4,hook_right,2026-03-07T19:53:54.873469,30.0,1920,1080
hook_right_20260307_195356_888635.mp4,hook_right,2026-03-07T19:53:58.409698,30.0,1920,1080
hook_right_20260307_195400_423477.mp4,hook_right,2026-03-07T19:54:01.950186,30.0,1920,1080
hook_right_20260307_195403_977856.mp4,hook_right,2026-03-07T19:54:05.528066,30.0,1920,1080
hook_right_20260307_195407_542679.mp4,hook_right,2026-03-07T19:54:09.065775,30.0,1920,1080
hook_right_20260307_195411_079631.mp4,hook_right,2026-03-07T19:54:12.601043,30.0,1920,1080
hook_right_20260307_195414_630019.mp4,hook_right,2026-03-07T19:54:16.139317,30.0,1920,1080
hook_right_20260307_195418_180083.mp4,hook_right,2026-03-07T19:54:19.691719,30.0,1920,1080
hook_right_20260307_195421_702502.mp4,hook_right,2026-03-07T19:54:23.222504,30.0,1920,1080
hook_right_20260307_195425_238392.mp4,hook_right,2026-03-07T19:54:26.761979,30.0,1920,1080
uppercut_left_20260307_195431_783001.mp4,uppercut_left,2026-03-07T19:54:33.305170,30.0,1920,1080
uppercut_left_20260307_195435_334018.mp4,uppercut_left,2026-03-07T19:54:36.852697,30.0,1920,1080
uppercut_left_20260307_195438_869951.mp4,uppercut_left,2026-03-07T19:54:40.393044,30.0,1920,1080
uppercut_left_20260307_195442_405912.mp4,uppercut_left,2026-03-07T19:54:43.929188,30.0,1920,1080
uppercut_left_20260307_195445_943224.mp4,uppercut_left,2026-03-07T19:54:47.465424,30.0,1920,1080
uppercut_left_20260307_195449_494078.mp4,uppercut_left,2026-03-07T19:54:51.016466,30.0,1920,1080
uppercut_left_20260307_195453_030356.mp4,uppercut_left,2026-03-07T19:54:54.536407,30.0,1920,1080
uppercut_left_20260307_195456_565410.mp4,uppercut_left,2026-03-07T19:54:58.088410,30.0,1920,1080
uppercut_left_20260307_195500_118124.mp4,uppercut_left,2026-03-07T19:55:01.626904,30.0,1920,1080
uppercut_left_20260307_195503_653064.mp4,uppercut_left,2026-03-07T19:55:05.177003,30.0,1920,1080
uppercut_left_20260307_195507_190200.mp4,uppercut_left,2026-03-07T19:55:08.712335,30.0,1920,1080
uppercut_left_20260307_195510_725754.mp4,uppercut_left,2026-03-07T19:55:12.278486,30.0,1920,1080
uppercut_left_20260307_195514_309995.mp4,uppercut_left,2026-03-07T19:55:15.840567,30.0,1920,1080
uppercut_left_20260307_195517_878184.mp4,uppercut_left,2026-03-07T19:55:19.401138,30.0,1920,1080
uppercut_left_20260307_195521_429836.mp4,uppercut_left,2026-03-07T19:55:22.936990,30.0,1920,1080
uppercut_left_20260307_195524_968718.mp4,uppercut_left,2026-03-07T19:55:26.495849,30.0,1920,1080
uppercut_left_20260307_195528_533761.mp4,uppercut_left,2026-03-07T19:55:30.059152,30.0,1920,1080
uppercut_left_20260307_195532_071711.mp4,uppercut_left,2026-03-07T19:55:33.592515,30.0,1920,1080
uppercut_left_20260307_195535_621094.mp4,uppercut_left,2026-03-07T19:55:37.146402,30.0,1920,1080
uppercut_left_20260307_195539_157364.mp4,uppercut_left,2026-03-07T19:55:40.679318,30.0,1920,1080
uppercut_left_20260307_195542_693075.mp4,uppercut_left,2026-03-07T19:55:44.253985,30.0,1920,1080
uppercut_left_20260307_195546_276494.mp4,uppercut_left,2026-03-07T19:55:47.799438,30.0,1920,1080
uppercut_left_20260307_195549_847010.mp4,uppercut_left,2026-03-07T19:55:51.368606,30.0,1920,1080
uppercut_left_20260307_195553_381267.mp4,uppercut_left,2026-03-07T19:55:54.902661,30.0,1920,1080
uppercut_left_20260307_195556_932836.mp4,uppercut_left,2026-03-07T19:55:58.455371,30.0,1920,1080
uppercut_left_20260307_195600_469018.mp4,uppercut_left,2026-03-07T19:56:01.982642,30.0,1920,1080
uppercut_left_20260307_195604_005220.mp4,uppercut_left,2026-03-07T19:56:05.528014,30.0,1920,1080
uppercut_left_20260307_195607_556638.mp4,uppercut_left,2026-03-07T19:56:09.067881,30.0,1920,1080
uppercut_left_20260307_195611_091846.mp4,uppercut_left,2026-03-07T19:56:12.616559,30.0,1920,1080
uppercut_left_20260307_195614_629220.mp4,uppercut_left,2026-03-07T19:56:16.134164,30.0,1920,1080
uppercut_left_20260307_195618_164985.mp4,uppercut_left,2026-03-07T19:56:19.719823,30.0,1920,1080
uppercut_left_20260307_195621_747973.mp4,uppercut_left,2026-03-07T19:56:23.258480,30.0,1920,1080
uppercut_left_20260307_195625_287546.mp4,uppercut_left,2026-03-07T19:56:26.812020,30.0,1920,1080
uppercut_left_20260307_195628_870029.mp4,uppercut_left,2026-03-07T19:56:30.376322,30.0,1920,1080
uppercut_left_20260307_195632_405155.mp4,uppercut_left,2026-03-07T19:56:33.932253,30.0,1920,1080
uppercut_left_20260307_195635_974958.mp4,uppercut_left,2026-03-07T19:56:37.497991,30.0,1920,1080
uppercut_left_20260307_195639_510003.mp4,uppercut_left,2026-03-07T19:56:41.032465,30.0,1920,1080
uppercut_left_20260307_195643_061612.mp4,uppercut_left,2026-03-07T19:56:44.583465,30.0,1920,1080
uppercut_left_20260307_195646_611505.mp4,uppercut_left,2026-03-07T19:56:48.130599,30.0,1920,1080
uppercut_left_20260307_195650_164946.mp4,uppercut_left,2026-03-07T19:56:51.687926,30.0,1920,1080
uppercut_left_20260307_195653_718679.mp4,uppercut_left,2026-03-07T19:56:55.239650,30.0,1920,1080
uppercut_left_20260307_195657_253523.mp4,uppercut_left,2026-03-07T19:56:58.779880,30.0,1920,1080
uppercut_left_20260307_195700_821650.mp4,uppercut_left,2026-03-07T19:57:02.345221,30.0,1920,1080
uppercut_left_20260307_195704_372321.mp4,uppercut_left,2026-03-07T19:57:05.937917,30.0,1920,1080
uppercut_left_20260307_195707_972181.mp4,uppercut_left,2026-03-07T19:57:09.493923,30.0,1920,1080
uppercut_left_20260307_195711_525016.mp4,uppercut_left,2026-03-07T19:57:13.030270,30.0,1920,1080
uppercut_left_20260307_195715_059684.mp4,uppercut_left,2026-03-07T19:57:16.573751,30.0,1920,1080
uppercut_left_20260307_195718_597063.mp4,uppercut_left,2026-03-07T19:57:20.144379,30.0,1920,1080
uppercut_left_20260307_195722_164538.mp4,uppercut_left,2026-03-07T19:57:23.689463,30.0,1920,1080
uppercut_left_20260307_195725_718217.mp4,uppercut_left,2026-03-07T19:57:27.237599,30.0,1920,1080
uppercut_right_20260307_195732_293034.mp4,uppercut_right,2026-03-07T19:57:33.813501,30.0,1920,1080
uppercut_right_20260307_195735_828378.mp4,uppercut_right,2026-03-07T19:57:37.377694,30.0,1920,1080
uppercut_right_20260307_195739_396042.mp4,uppercut_right,2026-03-07T19:57:40.933626,30.0,1920,1080
uppercut_right_20260307_195742_979489.mp4,uppercut_right,2026-03-07T19:57:44.572083,30.0,1920,1080
uppercut_right_20260307_195746_612623.mp4,uppercut_right,2026-03-07T19:57:48.139223,30.0,1920,1080
uppercut_right_20260307_195750_197699.mp4,uppercut_right,2026-03-07T19:57:51.720058,30.0,1920,1080
uppercut_right_20260307_195753_732070.mp4,uppercut_right,2026-03-07T19:57:55.251917,30.0,1920,1080
uppercut_right_20260307_195757_267181.mp4,uppercut_right,2026-03-07T19:57:58.789547,30.0,1920,1080
uppercut_right_20260307_195800_819146.mp4,uppercut_right,2026-03-07T19:58:02.344020,30.0,1920,1080
uppercut_right_20260307_195804_386852.mp4,uppercut_right,2026-03-07T19:58:05.929117,30.0,1920,1080
uppercut_right_20260307_195808_002207.mp4,uppercut_right,2026-03-07T19:58:09.509735,30.0,1920,1080
uppercut_right_20260307_195811_540140.mp4,uppercut_right,2026-03-07T19:58:13.106053,30.0,1920,1080
uppercut_right_20260307_195815_139361.mp4,uppercut_right,2026-03-07T19:58:16.667309,30.0,1920,1080
uppercut_right_20260307_195818_723530.mp4,uppercut_right,2026-03-07T19:58:20.268712,30.0,1920,1080
uppercut_right_20260307_195822_290943.mp4,uppercut_right,2026-03-07T19:58:23.856199,30.0,1920,1080
uppercut_right_20260307_195825_907789.mp4,uppercut_right,2026-03-07T19:58:27.442246,30.0,1920,1080
uppercut_right_20260307_195829_474331.mp4,uppercut_right,2026-03-07T19:58:31.022793,30.0,1920,1080
uppercut_right_20260307_195833_046645.mp4,uppercut_right,2026-03-07T19:58:34.565299,30.0,1920,1080
uppercut_right_20260307_195836_596243.mp4,uppercut_right,2026-03-07T19:58:38.117290,30.0,1920,1080
uppercut_right_20260307_195840_130684.mp4,uppercut_right,2026-03-07T19:58:41.639153,30.0,1920,1080
uppercut_right_20260307_195843_666919.mp4,uppercut_right,2026-03-07T19:58:45.230531,30.0,1920,1080
uppercut_right_20260307_195847_282969.mp4,uppercut_right,2026-03-07T19:58:48.806776,30.0,1920,1080
uppercut_right_20260307_195850_818819.mp4,uppercut_right,2026-03-07T19:58:52.340901,30.0,1920,1080
uppercut_right_20260307_195854_387453.mp4,uppercut_right,2026-03-07T19:58:55.911384,30.0,1920,1080
uppercut_right_20260307_195857_939184.mp4,uppercut_right,2026-03-07T19:58:59.462442,30.0,1920,1080
uppercut_right_20260307_195901_476293.mp4,uppercut_right,2026-03-07T19:59:03.018967,30.0,1920,1080
uppercut_right_20260307_195905_044955.mp4,uppercut_right,2026-03-07T19:59:06.563938,30.0,1920,1080
uppercut_right_20260307_195908_593851.mp4,uppercut_right,2026-03-07T19:59:10.148239,30.0,1920,1080
uppercut_right_20260307_195912_162949.mp4,uppercut_right,2026-03-07T19:59:13.762421,30.0,1920,1080
uppercut_right_20260307_195915_810775.mp4,uppercut_right,2026-03-07T19:59:17.331770,30.0,1920,1080
uppercut_right_20260307_195919_377946.mp4,uppercut_right,2026-03-07T19:59:20.900219,30.0,1920,1080
uppercut_right_20260307_195922_913877.mp4,uppercut_right,2026-03-07T19:59:24.482713,30.0,1920,1080
uppercut_right_20260307_195926_498407.mp4,uppercut_right,2026-03-07T19:59:28.053267,30.0,1920,1080
uppercut_right_20260307_195930_066789.mp4,uppercut_right,2026-03-07T19:59:31.587812,30.0,1920,1080
uppercut_right_20260307_195933_617502.mp4,uppercut_right,2026-03-07T19:59:35.126745,30.0,1920,1080
uppercut_right_20260307_195937_153814.mp4,uppercut_right,2026-03-07T19:59:38.675437,30.0,1920,1080
uppercut_right_20260307_195940_689719.mp4,uppercut_right,2026-03-07T19:59:42.212493,30.0,1920,1080
uppercut_right_20260307_195944_227311.mp4,uppercut_right,2026-03-07T19:59:45.745897,30.0,1920,1080
uppercut_right_20260307_195947_778569.mp4,uppercut_right,2026-03-07T19:59:49.299694,30.0,1920,1080
uppercut_right_20260307_195951_345918.mp4,uppercut_right,2026-03-07T19:59:52.881198,30.0,1920,1080
uppercut_right_20260307_195954_961402.mp4,uppercut_right,2026-03-07T19:59:56.468622,30.0,1920,1080
uppercut_right_20260307_195958_496584.mp4,uppercut_right,2026-03-07T20:00:00.022006,30.0,1920,1080
uppercut_right_20260307_200002_034254.mp4,uppercut_right,2026-03-07T20:00:03.540273,30.0,1920,1080
uppercut_right_20260307_200005_568554.mp4,uppercut_right,2026-03-07T20:00:07.092241,30.0,1920,1080
uppercut_right_20260307_200009_102070.mp4,uppercut_right,2026-03-07T20:00:10.645482,30.0,1920,1080
uppercut_right_20260307_200012_656121.mp4,uppercut_right,2026-03-07T20:00:14.178816,30.0,1920,1080
uppercut_right_20260307_200016_194942.mp4,uppercut_right,2026-03-07T20:00:17.746620,30.0,1920,1080
uppercut_right_20260307_200019_776544.mp4,uppercut_right,2026-03-07T20:00:21.299283,30.0,1920,1080
uppercut_right_20260307_200023_347947.mp4,uppercut_right,2026-03-07T20:00:24.866939,30.0,1920,1080
uppercut_right_20260307_200026_880753.mp4,uppercut_right,2026-03-07T20:00:28.404647,30.0,1920,1080
slip_20260307_200033_425379.mp4,slip,2026-03-07T20:00:34.946222,30.0,1920,1080
slip_20260307_200036_977414.mp4,slip,2026-03-07T20:00:38.516435,30.0,1920,1080
slip_20260307_200040_545215.mp4,slip,2026-03-07T20:00:42.067423,30.0,1920,1080
slip_20260307_200044_119273.mp4,slip,2026-03-07T20:00:45.636040,30.0,1920,1080
slip_20260307_200047_665426.mp4,slip,2026-03-07T20:00:49.171566,30.0,1920,1080
slip_20260307_200051_202829.mp4,slip,2026-03-07T20:00:52.713349,30.0,1920,1080
slip_20260307_200054_736121.mp4,slip,2026-03-07T20:00:56.241560,30.0,1920,1080
slip_20260307_200058_272647.mp4,slip,2026-03-07T20:00:59.795354,30.0,1920,1080
slip_20260307_200101_825090.mp4,slip,2026-03-07T20:01:03.346620,30.0,1920,1080
slip_20260307_200105_360578.mp4,slip,2026-03-07T20:01:06.864752,30.0,1920,1080
slip_20260307_200108_896344.mp4,slip,2026-03-07T20:01:10.417962,30.0,1920,1080
slip_20260307_200112_446916.mp4,slip,2026-03-07T20:01:13.954132,30.0,1920,1080
slip_20260307_200116_014127.mp4,slip,2026-03-07T20:01:17.538275,30.0,1920,1080
slip_20260307_200119_550735.mp4,slip,2026-03-07T20:01:21.073959,30.0,1920,1080
slip_20260307_200123_136372.mp4,slip,2026-03-07T20:01:24.657721,30.0,1920,1080
slip_20260307_200126_672099.mp4,slip,2026-03-07T20:01:28.188485,30.0,1920,1080
slip_20260307_200130_207597.mp4,slip,2026-03-07T20:01:31.731063,30.0,1920,1080
slip_20260307_200133_760842.mp4,slip,2026-03-07T20:01:35.267041,30.0,1920,1080
slip_20260307_200137_295802.mp4,slip,2026-03-07T20:01:38.862151,30.0,1920,1080
slip_20260307_200140_896735.mp4,slip,2026-03-07T20:01:42.435174,30.0,1920,1080
slip_20260307_200144_480747.mp4,slip,2026-03-07T20:01:46.019300,30.0,1920,1080
slip_20260307_200148_080027.mp4,slip,2026-03-07T20:01:49.611161,30.0,1920,1080
slip_20260307_200151_663267.mp4,slip,2026-03-07T20:01:53.175400,30.0,1920,1080
slip_20260307_200155_198305.mp4,slip,2026-03-07T20:01:56.749506,30.0,1920,1080
slip_20260307_200158_767453.mp4,slip,2026-03-07T20:02:00.295437,30.0,1920,1080
slip_20260307_200202_352624.mp4,slip,2026-03-07T20:02:03.857632,30.0,1920,1080
slip_20260307_200205_887239.mp4,slip,2026-03-07T20:02:07.409561,30.0,1920,1080
slip_20260307_200209_422072.mp4,slip,2026-03-07T20:02:10.946347,30.0,1920,1080
slip_20260307_200212_974359.mp4,slip,2026-03-07T20:02:14.491239,30.0,1920,1080
slip_20260307_200216_512385.mp4,slip,2026-03-07T20:02:18.101022,30.0,1920,1080
slip_20260307_200220_112697.mp4,slip,2026-03-07T20:02:21.636279,30.0,1920,1080
slip_20260307_200223_664380.mp4,slip,2026-03-07T20:02:25.171153,30.0,1920,1080
slip_20260307_200227_200429.mp4,slip,2026-03-07T20:02:28.716811,30.0,1920,1080
slip_20260307_200230_737670.mp4,slip,2026-03-07T20:02:32.287421,30.0,1920,1080
slip_20260307_200234_318691.mp4,slip,2026-03-07T20:02:35.859975,30.0,1920,1080
slip_20260307_200237_886501.mp4,slip,2026-03-07T20:02:39.408286,30.0,1920,1080
slip_20260307_200241_423112.mp4,slip,2026-03-07T20:02:42.945762,30.0,1920,1080
slip_20260307_200244_974931.mp4,slip,2026-03-07T20:02:46.526704,30.0,1920,1080
slip_20260307_200248_542641.mp4,slip,2026-03-07T20:02:50.086810,30.0,1920,1080
slip_20260307_200252_111604.mp4,slip,2026-03-07T20:02:53.676623,30.0,1920,1080
slip_20260307_200255_698860.mp4,slip,2026-03-07T20:02:57.217989,30.0,1920,1080
slip_20260307_200259_232063.mp4,slip,2026-03-07T20:03:00.740973,30.0,1920,1080
slip_20260307_200302_766456.mp4,slip,2026-03-07T20:03:04.293161,30.0,1920,1080
slip_20260307_200306_320279.mp4,slip,2026-03-07T20:03:07.874141,30.0,1920,1080
slip_20260307_200309_887793.mp4,slip,2026-03-07T20:03:11.407759,30.0,1920,1080
slip_20260307_200313_423251.mp4,slip,2026-03-07T20:03:14.939439,30.0,1920,1080
slip_20260307_200316_973670.mp4,slip,2026-03-07T20:03:18.511030,30.0,1920,1080
slip_20260307_200320_542084.mp4,slip,2026-03-07T20:03:22.107118,30.0,1920,1080
slip_20260307_200324_145100.mp4,slip,2026-03-07T20:03:25.668390,30.0,1920,1080
slip_20260307_200327_694173.mp4,slip,2026-03-07T20:03:29.208228,30.0,1920,1080
duck_20260307_200334_301784.mp4,duck,2026-03-07T20:03:35.827005,30.0,1920,1080
duck_20260307_200337_837925.mp4,duck,2026-03-07T20:03:39.359366,30.0,1920,1080
duck_20260307_200341_374351.mp4,duck,2026-03-07T20:03:42.916068,30.0,1920,1080
duck_20260307_200344_958103.mp4,duck,2026-03-07T20:03:46.479911,30.0,1920,1080
duck_20260307_200348_494577.mp4,duck,2026-03-07T20:03:49.999892,30.0,1920,1080
duck_20260307_200352_035575.mp4,duck,2026-03-07T20:03:53.554740,30.0,1920,1080
duck_20260307_200355_582597.mp4,duck,2026-03-07T20:03:57.143451,30.0,1920,1080
duck_20260307_200359_149777.mp4,duck,2026-03-07T20:04:00.673005,30.0,1920,1080
duck_20260307_200402_684759.mp4,duck,2026-03-07T20:04:04.215310,30.0,1920,1080
duck_20260307_200406_270277.mp4,duck,2026-03-07T20:04:07.791737,30.0,1920,1080
duck_20260307_200409_804141.mp4,duck,2026-03-07T20:04:11.319345,30.0,1920,1080
duck_20260307_200413_341594.mp4,duck,2026-03-07T20:04:14.864077,30.0,1920,1080
duck_20260307_200416_894733.mp4,duck,2026-03-07T20:04:18.399419,30.0,1920,1080
duck_20260307_200420_430974.mp4,duck,2026-03-07T20:04:21.950050,30.0,1920,1080
duck_20260307_200423_964909.mp4,duck,2026-03-07T20:04:25.512028,30.0,1920,1080
duck_20260307_200427_579167.mp4,duck,2026-03-07T20:04:29.105456,30.0,1920,1080
duck_20260307_200431_116795.mp4,duck,2026-03-07T20:04:32.718451,30.0,1920,1080
duck_20260307_200434_765909.mp4,duck,2026-03-07T20:04:36.299443,30.0,1920,1080
duck_20260307_200438_334959.mp4,duck,2026-03-07T20:04:39.844783,30.0,1920,1080
duck_20260307_200441_868607.mp4,duck,2026-03-07T20:04:43.433282,30.0,1920,1080
duck_20260307_200445_485084.mp4,duck,2026-03-07T20:04:47.049759,30.0,1920,1080
duck_20260307_200449_085356.mp4,duck,2026-03-07T20:04:50.607008,30.0,1920,1080
duck_20260307_200452_639078.mp4,duck,2026-03-07T20:04:54.153764,30.0,1920,1080
duck_20260307_200456_173354.mp4,duck,2026-03-07T20:04:57.693881,30.0,1920,1080
duck_20260307_200459_709255.mp4,duck,2026-03-07T20:05:01.225794,30.0,1920,1080
duck_20260307_200503_244662.mp4,duck,2026-03-07T20:05:04.766844,30.0,1920,1080
duck_20260307_200506_798405.mp4,duck,2026-03-07T20:05:08.318821,30.0,1920,1080
duck_20260307_200510_332451.mp4,duck,2026-03-07T20:05:11.840151,30.0,1920,1080
duck_20260307_200513_869545.mp4,duck,2026-03-07T20:05:15.390161,30.0,1920,1080
duck_20260307_200517_420610.mp4,duck,2026-03-07T20:05:18.925929,30.0,1920,1080
duck_20260307_200520_956871.mp4,duck,2026-03-07T20:05:22.478814,30.0,1920,1080
duck_20260307_200524_492443.mp4,duck,2026-03-07T20:05:26.016036,30.0,1920,1080
duck_20260307_200528_027220.mp4,duck,2026-03-07T20:05:29.551229,30.0,1920,1080
duck_20260307_200531_611068.mp4,duck,2026-03-07T20:05:33.135118,30.0,1920,1080
duck_20260307_200535_148487.mp4,duck,2026-03-07T20:05:36.670456,30.0,1920,1080
duck_20260307_200538_683141.mp4,duck,2026-03-07T20:05:40.231496,30.0,1920,1080
duck_20260307_200542_267053.mp4,duck,2026-03-07T20:05:43.790680,30.0,1920,1080
duck_20260307_200545_802992.mp4,duck,2026-03-07T20:05:47.326269,30.0,1920,1080
duck_20260307_200549_339170.mp4,duck,2026-03-07T20:05:50.861511,30.0,1920,1080
duck_20260307_200552_892204.mp4,duck,2026-03-07T20:05:54.413877,30.0,1920,1080
duck_20260307_200556_474336.mp4,duck,2026-03-07T20:05:57.983165,30.0,1920,1080
duck_20260307_200559_994126.mp4,duck,2026-03-07T20:06:01.517629,30.0,1920,1080
duck_20260307_200603_547348.mp4,duck,2026-03-07T20:06:05.053114,30.0,1920,1080
duck_20260307_200607_083175.mp4,duck,2026-03-07T20:06:08.606046,30.0,1920,1080
duck_20260307_200610_619285.mp4,duck,2026-03-07T20:06:12.140876,30.0,1920,1080
duck_20260307_200614_204385.mp4,duck,2026-03-07T20:06:15.710411,30.0,1920,1080
duck_20260307_200617_738452.mp4,duck,2026-03-07T20:06:19.254147,30.0,1920,1080
duck_20260307_200621_275039.mp4,duck,2026-03-07T20:06:22.840856,30.0,1920,1080
duck_20260307_200624_891994.mp4,duck,2026-03-07T20:06:26.413706,30.0,1920,1080
duck_20260307_200628_427365.mp4,duck,2026-03-07T20:06:29.979697,30.0,1920,1080
weave_20260307_200635_002339.mp4,weave,2026-03-07T20:06:36.536548,30.0,1920,1080
weave_20260307_200638_571599.mp4,weave,2026-03-07T20:06:40.092415,30.0,1920,1080
weave_20260307_200642_124976.mp4,weave,2026-03-07T20:06:43.677106,30.0,1920,1080
weave_20260307_200645_691066.mp4,weave,2026-03-07T20:06:47.218247,30.0,1920,1080
weave_20260307_200649_259488.mp4,weave,2026-03-07T20:06:50.780625,30.0,1920,1080
weave_20260307_200652_809407.mp4,weave,2026-03-07T20:06:54.332767,30.0,1920,1080
weave_20260307_200656_378716.mp4,weave,2026-03-07T20:06:57.900257,30.0,1920,1080
weave_20260307_200659_914834.mp4,weave,2026-03-07T20:07:01.435687,30.0,1920,1080
weave_20260307_200703_466080.mp4,weave,2026-03-07T20:07:04.991252,30.0,1920,1080
weave_20260307_200707_002769.mp4,weave,2026-03-07T20:07:08.525116,30.0,1920,1080
weave_20260307_200710_536952.mp4,weave,2026-03-07T20:07:12.102905,30.0,1920,1080
weave_20260307_200714_154806.mp4,weave,2026-03-07T20:07:15.685384,30.0,1920,1080
weave_20260307_200717_722493.mp4,weave,2026-03-07T20:07:19.287520,30.0,1920,1080
weave_20260307_200721_339550.mp4,weave,2026-03-07T20:07:22.914959,30.0,1920,1080
weave_20260307_200724_939039.mp4,weave,2026-03-07T20:07:26.460220,30.0,1920,1080
weave_20260307_200728_474246.mp4,weave,2026-03-07T20:07:29.995688,30.0,1920,1080
weave_20260307_200732_007135.mp4,weave,2026-03-07T20:07:33.591885,30.0,1920,1080
weave_20260307_200735_627184.mp4,weave,2026-03-07T20:07:37.179901,30.0,1920,1080
weave_20260307_200739_211512.mp4,weave,2026-03-07T20:07:40.764488,30.0,1920,1080
weave_20260307_200742_778144.mp4,weave,2026-03-07T20:07:44.333790,30.0,1920,1080
weave_20260307_200746_352664.mp4,weave,2026-03-07T20:07:47.869575,30.0,1920,1080
weave_20260307_200749_898019.mp4,weave,2026-03-07T20:07:51.424820,30.0,1920,1080
weave_20260307_200753_444216.mp4,weave,2026-03-07T20:07:54.964348,30.0,1920,1080
weave_20260307_200757_008367.mp4,weave,2026-03-07T20:07:58.529226,30.0,1920,1080
weave_20260307_200800_555425.mp4,weave,2026-03-07T20:08:02.077465,30.0,1920,1080
weave_20260307_200804_089830.mp4,weave,2026-03-07T20:08:05.612616,30.0,1920,1080
weave_20260307_200807_626999.mp4,weave,2026-03-07T20:08:09.188583,30.0,1920,1080
weave_20260307_200811_241644.mp4,weave,2026-03-07T20:08:12.764229,30.0,1920,1080
weave_20260307_200814_776988.mp4,weave,2026-03-07T20:08:16.304419,30.0,1920,1080
weave_20260307_200818_346736.mp4,weave,2026-03-07T20:08:19.877080,30.0,1920,1080
weave_20260307_200821_930514.mp4,weave,2026-03-07T20:08:23.480317,30.0,1920,1080
weave_20260307_200825_498855.mp4,weave,2026-03-07T20:08:27.063322,30.0,1920,1080
weave_20260307_200829_093959.mp4,weave,2026-03-07T20:08:30.679695,30.0,1920,1080
weave_20260307_200832_745755.mp4,weave,2026-03-07T20:08:34.270232,30.0,1920,1080
weave_20260307_200836_297715.mp4,weave,2026-03-07T20:08:37.858970,30.0,1920,1080
weave_20260307_200839_896095.mp4,weave,2026-03-07T20:08:41.437119,30.0,1920,1080
weave_20260307_200843_481280.mp4,weave,2026-03-07T20:08:45.029946,30.0,1920,1080
weave_20260307_200847_049099.mp4,weave,2026-03-07T20:08:48.613365,30.0,1920,1080
weave_20260307_200850_649236.mp4,weave,2026-03-07T20:08:52.185074,30.0,1920,1080
weave_20260307_200854_234283.mp4,weave,2026-03-07T20:08:55.756971,30.0,1920,1080
weave_20260307_200857_768749.mp4,weave,2026-03-07T20:08:59.318853,30.0,1920,1080
weave_20260307_200901_337281.mp4,weave,2026-03-07T20:09:02.862121,30.0,1920,1080
weave_20260307_200904_889522.mp4,weave,2026-03-07T20:09:06.412450,30.0,1920,1080
weave_20260307_200908_424699.mp4,weave,2026-03-07T20:09:09.947942,30.0,1920,1080
weave_20260307_200911_959575.mp4,weave,2026-03-07T20:09:13.531919,30.0,1920,1080
weave_20260307_200915_575479.mp4,weave,2026-03-07T20:09:17.109724,30.0,1920,1080
weave_20260307_200919_145124.mp4,weave,2026-03-07T20:09:20.667788,30.0,1920,1080
weave_20260307_200922_729779.mp4,weave,2026-03-07T20:09:24.236889,30.0,1920,1080
weave_20260307_200926_263325.mp4,weave,2026-03-07T20:09:27.784879,30.0,1920,1080
weave_20260307_200929_800006.mp4,weave,2026-03-07T20:09:31.335875,30.0,1920,1080
block_20260307_200936_376657.mp4,block,2026-03-07T20:09:37.903724,30.0,1920,1080
block_20260307_200939_912370.mp4,block,2026-03-07T20:09:41.433005,30.0,1920,1080
block_20260307_200943_458093.mp4,block,2026-03-07T20:09:44.985953,30.0,1920,1080
block_20260307_200947_001240.mp4,block,2026-03-07T20:09:48.509312,30.0,1920,1080
block_20260307_200950_537477.mp4,block,2026-03-07T20:09:52.093083,30.0,1920,1080
block_20260307_200954_119617.mp4,block,2026-03-07T20:09:55.659605,30.0,1920,1080
block_20260307_200957_719894.mp4,block,2026-03-07T20:09:59.241336,30.0,1920,1080
block_20260307_201001_304033.mp4,block,2026-03-07T20:10:02.812544,30.0,1920,1080
block_20260307_201004_839207.mp4,block,2026-03-07T20:10:06.402319,30.0,1920,1080
block_20260307_201008_439623.mp4,block,2026-03-07T20:10:10.007821,30.0,1920,1080
block_20260307_201012_024339.mp4,block,2026-03-07T20:10:13.590579,30.0,1920,1080
block_20260307_201015_624488.mp4,block,2026-03-07T20:10:17.150553,30.0,1920,1080
block_20260307_201019_176486.mp4,block,2026-03-07T20:10:20.682326,30.0,1920,1080
block_20260307_201022_712656.mp4,block,2026-03-07T20:10:24.235429,30.0,1920,1080
block_20260307_201026_281318.mp4,block,2026-03-07T20:10:27.822514,30.0,1920,1080
block_20260307_201029_864184.mp4,block,2026-03-07T20:10:31.388648,30.0,1920,1080
block_20260307_201033_400666.mp4,block,2026-03-07T20:10:34.920607,30.0,1920,1080
block_20260307_201036_935581.mp4,block,2026-03-07T20:10:38.482155,30.0,1920,1080
block_20260307_201040_520394.mp4,block,2026-03-07T20:10:42.074001,30.0,1920,1080
block_20260307_201044_118218.mp4,block,2026-03-07T20:10:45.643853,30.0,1920,1080
block_20260307_201047_706681.mp4,block,2026-03-07T20:10:49.278642,30.0,1920,1080
block_20260307_201051_304249.mp4,block,2026-03-07T20:10:52.917306,30.0,1920,1080
block_20260307_201054_952613.mp4,block,2026-03-07T20:10:56.461273,30.0,1920,1080
block_20260307_201058_486285.mp4,block,2026-03-07T20:11:00.011782,30.0,1920,1080
block_20260307_201102_023946.mp4,block,2026-03-07T20:11:03.566487,30.0,1920,1080
block_20260307_201105_607464.mp4,block,2026-03-07T20:11:07.113033,30.0,1920,1080
block_20260307_201109_143223.mp4,block,2026-03-07T20:11:10.669083,30.0,1920,1080
block_20260307_201112_678035.mp4,block,2026-03-07T20:11:14.248740,30.0,1920,1080
block_20260307_201116_295401.mp4,block,2026-03-07T20:11:17.817859,30.0,1920,1080
block_20260307_201119_864990.mp4,block,2026-03-07T20:11:21.377880,30.0,1920,1080
block_20260307_201123_400330.mp4,block,2026-03-07T20:11:24.931891,30.0,1920,1080
block_20260307_201126_986118.mp4,block,2026-03-07T20:11:28.505666,30.0,1920,1080
block_20260307_201130_518517.mp4,block,2026-03-07T20:11:32.044153,30.0,1920,1080
block_20260307_201134_090752.mp4,block,2026-03-07T20:11:35.622242,30.0,1920,1080
block_20260307_201137_643301.mp4,block,2026-03-07T20:11:39.191992,30.0,1920,1080
block_20260307_201141_210221.mp4,block,2026-03-07T20:11:42.732315,30.0,1920,1080
block_20260307_201144_741922.mp4,block,2026-03-07T20:11:46.265848,30.0,1920,1080
block_20260307_201148_294437.mp4,block,2026-03-07T20:11:49.817115,30.0,1920,1080
block_20260307_201151_830689.mp4,block,2026-03-07T20:11:53.337940,30.0,1920,1080
block_20260307_201155_365838.mp4,block,2026-03-07T20:11:56.898114,30.0,1920,1080
block_20260307_201158_951007.mp4,block,2026-03-07T20:12:00.506086,30.0,1920,1080
block_20260307_201202_517746.mp4,block,2026-03-07T20:12:04.039188,30.0,1920,1080
block_20260307_201206_058572.mp4,block,2026-03-07T20:12:07.581520,30.0,1920,1080
block_20260307_201209_671530.mp4,block,2026-03-07T20:12:11.210180,30.0,1920,1080
block_20260307_201213_238984.mp4,block,2026-03-07T20:12:14.763620,30.0,1920,1080
block_20260307_201216_794476.mp4,block,2026-03-07T20:12:18.344996,30.0,1920,1080
block_20260307_201220_358146.mp4,block,2026-03-07T20:12:21.881632,30.0,1920,1080
block_20260307_201223_893605.mp4,block,2026-03-07T20:12:25.447808,30.0,1920,1080
block_20260307_201227_478949.mp4,block,2026-03-07T20:12:28.983700,30.0,1920,1080
block_20260307_201231_044444.mp4,block,2026-03-07T20:12:32.567012,30.0,1920,1080
